Nom,Prénom,Mail,Téléphone,Département,Code postal,Date de naissance
Fournier,Nicolas,nfournier+test11@octo.com,0680533747,93,93700,1979-11-16
Fournier,Nicolas,nfournier+test12@octo.com,0680533747,93,93700,1979-11-16
Fournier,Nicolas,nfournier+test13@octo.com,0680533747,93,93700,1979-11-16
Fournier,Nicolas,nfournier+test14@octo.com,0680533747,93,93700,1979-11-16
Fournier,Nicolas,nfournier+test15@octo.com,0680533747,93,93700,1979-11-16
Christiaen,Charlotte,charlotte.christiaen+test@passculture.app,0600000000,93,93700,2000-01-01
Support,John,support.passculture@beta.gouv.fr,0600000000,93,93700,2000-01-01
Lemarie,Chloe,chloe.lemarie+test1@passculture.app,0600000000,93,93700,2000-01-01
Lemarie,Chloe,chloe.lemarie+test2@passculture.app,0600000000,93,93700,2000-01-01
Lemarie,Chloe,chloe.lemarie+test3@passculture.app,0600000000,93,93700,2000-01-01
Lemarie,Chloe,chloe.lemarie+test4@passculture.app,0600000000,93,93700,2000-01-01
Facq,Florent,florent.facq+testavignon1@passculture.app,0600000000,84,84000,2000-01-01
Facq,Florent,florent.facq+testavignon2@passculture.app,0600000000,84,84000,2000-01-01
Facq,Florent,florent.facq+testavignon3@passculture.app,0600000000,84,84000,2000-01-01
Facq,Florent,florent.facq+testavignon4@passculture.app,0600000000,84,84000,2000-01-01
Facq,Florent,florent.facq+testavignon5@passculture.app,0600000000,84,84000,2000-01-01
Cuier,Damien,damien.cuier+test@passculture.app,0600000000,93,93700,2000-01-01
Dupont,Jean,tutoriels@passculture.app,0600000000,93,93700,2000-01-01
Dupont,Jean,support@passculture.app,0600000000,93,93700,2000-01-01
Villette,Antoine,antoine.villette+test@passculture.app,0600000000,93,93700,2000-01-01
Lambert,Alizée,alizee.lambert+test@passculture.app,0600000000,93,93700,2000-01-01
Comolet-Tirman,Margot,margot.comolet-tirman+test@passculture.app,0600000000,93,93700,2000-01-01
Tusithiphonexay,Anthony,anthony.tusi+test@passculture.app,0600000000,93,93700,2000-01-01
Yahi,Lina,lina.yahi+test@passculture.app,0600000000,93,93700,2000-01-01
Clement,Lavault,clement.lavault+test@passculture.app,0600000000,93,93700,2000-01-01
mathieu,singer,mathieu.singer+test1@passculture.app,0601211200,93,93700,2002-01-01
mathieu,singer,mathieu.singer+test2@passculture.app,0601211200,93,93700,2002-01-01
lina,yahi,lina.yahi+test2@passculture.app,0601211200,93,93700,2002-01-01
gabriel,cecchi,gabriel.cecchi+test1@passculture.app,0601211200,93,93700,2002-01-01
gabriel,cecchi,gabriel.cecchi+test2@passculture.app,0601211200,93,93700,2002-01-01
isabel,guerrero,isabel.guerrero+test1@passculture.app,0601211200,93,93700,2002-01-01
isabel,guerrero,isabel.guerrero+test2@passculture.app,0601211200,93,93700,2002-01-01
isabel,guerrero,isabel.guerrero+test3@passculture.app,0601211200,93,93700,2002-01-01
isabel,guerrero,isabel.guerrero+test4@passculture.app,0601211200,93,93700,2002-01-01
charlotte,kerouredan,charlotte.kerouredan+test1@passculture.app,0601211200,93,93700,2002-01-01
charlotte,kerouredan,charlotte.kerouredan+test2@passculture.app,0601211200,93,93700,2002-01-01
charlotte,kerouredan,charlotte.kerouredan+test3@passculture.app,0601211200,93,93700,2002-01-01
charlotte,kerouredan,charlotte.kerouredan+test4@passculture.app,0601211200,93,93700,2002-01-01
vincent,ballet,vincent.ballet+test1@passculture.app,0601211200,93,93700,2002-01-01
vincent,ballet,vincent.ballet+test2@passculture.app,0601211200,93,93700,2002-01-01
vincent,ballet,vincent.ballet+test3@passculture.app,0601211200,93,93700,2002-01-01
vincent,ballet,vincent.ballet+test4@passculture.app,0601211200,93,93700,2002-01-01
Alexandre,Delorme,alexandred.demo@passculture.app,0601211200,93,93700,2002-01-01
Alice,Mançon,alicem.demo@passculture.app,0601211200,93,93700,2002-01-01
Anaïs,Prat,anaisp.demo@passculture.app,0601211200,93,93700,2002-01-01
Antoine,Gateau Sauvage,antoineg.demo@passculture.app,0601211200,93,93700,2002-01-01
Barbara,Merlo,barbaram.demo@passculture.app,0601211200,93,93700,2002-01-01
Benjamin,Durand,benjamind.demo@passculture.app,0601211200,93,93700,2002-01-01
Caroline,Nérot,carolinen.demo@passculture.app,0601211200,93,93700,2002-01-01
Chloé,Stiefvater,chloes.demo@passculture.app,0601211200,93,93700,2002-01-01
Clément,Lavault,clementl.demo@passculture.app,0601211200,93,93700,2002-01-01
Delphine,Cammal,delphinec.demo@passculture.app,0601211200,93,93700,2002-01-01
Fanny,Berlin,fannyb.demo@passculture.app,0601211200,93,93700,2002-01-01
Jeanne,Bélichard,jeanneb.demo@passculture.app,0601211200,93,93700,2002-01-01
Julie,LEROY,juliel.demo@passculture.app,0601211200,93,93700,2002-01-01
Laurène,Taravella,laurenet.demo@passculture.app,0601211200,93,93700,2002-01-01
Marine,Faibis,marinef.demo@passculture.app,0601211200,93,93700,2002-01-01
Sarah,Lang,sarahl.demo@passculture.app,0601211200,93,93700,2002-01-01
Stéphanie,Auguin,stephaniea.demo@passculture.app,0601211200,93,93700,2002-01-01
Valentine,Pommier,valentinep.demo@passculture.app,0601211200,93,93700,2002-01-01
Maylis,Alberto,maylisa.demo@passculture.app,0601211200,93,93700,2002-01-01
Roseline,Faliph,roselinef.demo@passculture.app,0601211200,93,93700,2002-01-01
Juliette,Marchandise,juliettem.demo@passculture.app,0601211200,93,93700,2002-01-01
